,PDB ID,Drug IDs
1,1EVU,DB11300; DB11311; DB11571; DB13151
2,1NSI,DB05383; DB08814
3,1DJL,DB09092
7,1AB2,DB00619; DB01254; DB04868; DB06616; DB08896; DB08901; DB12323; DB12597
8,1ALS,DB00043; DB00895
9,1CFG,DB00055; DB00100; DB11300; DB11312; DB11571; DB11572; DB12872; DB13133; DB13151; DB13152; DB13933; DB14700
11,1EG0,DB00256; DB00453; DB00595; DB01017; DB12329
12,1OZ5,DB00353; DB00477; DB00508; DB00623; DB00679; DB00800; DB00850; DB00875; DB00988; DB01038; DB01186; DB01235; DB01239; DB01608; DB01614; DB01621; DB01623; DB01624
13,4BSJ,DB00398; DB01268; DB06589; DB06626; DB08896; DB09078; DB09079; DB11679; DB11800
15,1Q7D,DB00048; DB12872; DB13133
18,1FLT,DB00398; DB01268; DB06589; DB06626; DB08896; DB09078; DB09079; DB10770; DB11679; DB11800
20,1GAG,DB00030; DB00046; DB00047; DB00071; DB01306; DB01307; DB01309; DB09129; DB09456; DB09564; DB11564; DB11568
22,1C1Y,DB00398; DB08896; DB08912; DB11718
23,1CZS,DB00055; DB11300; DB11312; DB11571; DB11572; DB13149; DB13151
24,2AJP,DB00147; DB00165
26,2CSA,DB00185; DB00332; DB00383; DB00387; DB00496; DB00505; DB00517; DB00572; DB00725; DB00747; DB00767; DB00986; DB01019; DB01036; DB01062; DB01085; DB01231; DB01409; DB01591; DB01625; DB04843; DB06702; DB06709; DB06787; DB08897; DB09076; DB09089; DB09167; DB09262; DB09300; DB11181; DB12278; DB13581; DB13720
27,2VGB,DB16236
29,1A2C,DB00001; DB00006; DB00278; DB04898; DB05777; DB06695; DB09109; DB09228; DB11166; DB12598; DB12831; DB13151; DB14738
31,1E51,DB00855
34,1GKC,DB00786
36,1LVQ,DB00470; DB00486; DB06155; DB09061; DB09288; DB11755; DB14009; DB14011
37,1ZV0,DB00177; DB00275; DB00678; DB00796; DB00876; DB00966; DB01029; DB01342; DB01347; DB01349; DB08822; DB09279; DB13919
39,1S8B,DB00073; DB00078; DB00081; DB06650; DB08935; DB09336; DB11850; DB11988; DB15434; DB16371; DB16672; DB16684
40,4D1N,DB01221; DB09241
41,1I0Z,DB09118
42,2F2S,DB00795
43,1LE6,DB13893; DB13894
44,1I7G,DB00636; DB01039; DB01241; DB01393; DB03756; DB08915; DB09422; DB13873
45,1A22,DB00052; DB00082; DB09098; DB14960; DB16220
46,1BZY,DB01033
47,1H9U,DB00210; DB00307; DB00459; DB00523; DB00755; DB00799; DB00926; DB03756
48,4V06,DB12095
49,3B6R,DB00148; DB13191
52,2FFX,DB00893; DB09147; DB09517; DB13995
53,1BYW,DB00204; DB00252; DB00308; DB00489; DB01100; DB01182; DB01218; DB04855
56,2KI9,DB00470; DB00486; DB14011
60,1T78,DB00208; DB00758; DB01240; DB06209; DB06441; DB08816
62,1BPX,DB00987
63,1F0X,DB00756
64,2IAG,DB00812; DB01240
67,1IN9,DB00360; DB12095
69,1A52,DB00255; DB00269; DB00286; DB00304; DB00367; DB00481; DB00539; DB00603; DB00655; DB00675; DB00783; DB00823; DB00882; DB00890; DB00947; DB00957; DB00977; DB01108; DB01185; DB01196; DB01357; DB01406; DB04573; DB04574; DB04575; DB04938; DB06202; DB06401; DB09070; DB09317; DB09318; DB09369; DB13952; DB13953; DB13954; DB13955; DB13956; DB14641
70,1M5G,DB00560; DB00595; DB01017; DB01301
72,1A00,DB00893; DB06154; DB09112; DB09147; DB13257; DB13995; DB14975
73,1E3G,DB00499; DB00621; DB00624; DB00665; DB00858; DB00984; DB01128; DB01185; DB01395; DB01406; DB01420; DB01481; DB01541; DB01564; DB04839; DB06133; DB06412; DB06710; DB06718; DB08804; DB08899; DB09123; DB11425; DB11901; DB12499; DB12941; DB13943; DB13944; DB13946; DB14639
74,1CW3,DB00536; DB00822
75,1LUT,DB00014; DB00032; DB00044; DB00097; DB06719; DB09126
80,3QNZ,DB00361; DB00541; DB00570; DB01179; DB01394; DB06137; DB11641; DB11731
81,1EXA,DB00210; DB00459; DB00523; DB00755; DB00799; DB00926; DB05467; DB12808
84,1RJB,DB00398; DB01268; DB06595; DB11697; DB12141; DB12500; DB12874
87,1OLY,DB00152
88,3ERY,DB09092
89,1BJ1,DB00112; DB01270; DB04895; DB06779; DB08885; DB10772; DB14864; DB15303
90,1YTV,DB00035; DB00067; DB00093; DB00872; DB02638; DB14642
91,1QK1,DB00148; DB13191
92,2LSQ,DB00187; DB00195; DB00221; DB00264; DB00335; DB00368; DB00373; DB00489; DB00521; DB00571; DB00598; DB00612; DB00668; DB00841; DB00866; DB00960; DB01064; DB01102; DB01136; DB01193; DB01203; DB01210; DB01214; DB01295; DB01297; DB01359; DB01363; DB01364; DB01580; DB04846; DB04861; DB06262; DB08807; DB08808; DB09204; DB09351; DB11124; DB11278; DB13781
96,1RKP,DB00203; DB00277; DB00820; DB00862; DB00975; DB06237; DB06267
98,2HGS,DB06151
99,5UH5,DB01201
100,2M3O,DB00384; DB00594
103,1A27,DB01536
104,2KBI,DB00192; DB00252; DB00280; DB00281; DB00379; DB00473; DB00527; DB00532; DB00680; DB00740; DB00750; DB00754; DB00908; DB00909; DB01056; DB01182; DB01195; DB01228; DB01320; DB01346; DB01426; DB01429; DB04855; DB06217
105,1X9N,DB01280
107,1GQ5,DB00102; DB00398; DB00619; DB01254; DB01268; DB06589; DB06595; DB08896; DB09079; DB11800; DB14840
108,1HRA,DB00210; DB00459; DB00523; DB00755; DB00799; DB00926; DB04942
110,4TWK,DB00204; DB04855
111,1B2I,DB00009; DB00013; DB00015; DB00029; DB00031; DB00086; DB00302; DB00513; DB12831
112,1FM6,DB00159; DB00197; DB00244; DB00412; DB00966; DB01014; DB01132; DB01393; DB03756; DB05490; DB08915; DB09198; DB09201; DB11133
113,1C5M,DB00025; DB00100; DB00569; DB01109; DB01225; DB06228; DB06605; DB09075; DB09109; DB09258; DB11166; DB12364; DB12598; DB13149; DB13150; DB13151; DB13152; DB13192; DB13884; DB13923; DB13933; DB13998; DB13999; DB14738
114,4MQE,DB00659; DB00837; DB01956; DB08891; DB08892
116,1O86,DB00178; DB00492; DB00519; DB00542; DB00584; DB00691; DB00722; DB00790; DB00881; DB01180; DB01197; DB01340; DB01348; DB09477; DB13166; DB15565
117,1HSO,DB01213
118,2MKV,DB00606
123,1A7C,DB00013
125,1G5M,DB01229; DB01367; DB05103; DB11581; DB12340
127,2ABV,DB00179; DB00244; DB00711; DB00744; DB00795; DB00939; DB01014
129,1M73,DB00242
132,4CFE,DB00331
133,3IYD,DB00615; DB01045; DB01220; DB11753
134,1V0X,DB00154; DB00159; DB00244; DB00316; DB00328; DB00461; DB00465; DB00469; DB00482; DB00500; DB00533; DB00554; DB00573; DB00580; DB00586; DB00605; DB00712; DB00749; DB00784; DB00788; DB00795; DB00812; DB00814; DB00821; DB00861; DB00870; DB00936; DB00939; DB00945; DB00963; DB00991; DB01009; DB01014; DB01050; DB01283; DB01397; DB01399; DB01600; DB01628; DB04552; DB04743; DB06725; DB06736; DB08439; DB08910; DB09212; DB09213; DB09215; DB09216; DB09288; DB11079; DB11201; DB11323; DB13167; DB13346; DB13783; DB13961
135,1M9J,DB00360
136,1DL9,DB00616; DB00886; DB09292; DB11623
137,1AZM,DB00310; DB00311; DB00703; DB00819; DB00869; DB00880; DB01031; DB01144; DB01325; DB09472
138,1BBS,DB00212; DB09026
139,1A81,DB00075; DB06606; DB06607; DB15434; DB16672
140,1M5G,DB00452; DB00479; DB00560; DB00798; DB00919; DB00955; DB00994; DB01082; DB01172; DB04729; DB06696
141,1ANT,DB00407; DB00569; DB01109; DB01225; DB06271; DB06754; DB06779; DB06822; DB08813
143,1HLL,DB00368; DB00370; DB00449; DB00484; DB00575; DB00629; DB00633; DB00668; DB00852; DB00865; DB00925; DB00935; DB00964; DB00968; DB01018; DB01363; DB01392; DB01472; DB01577; DB01608; DB04855; DB04948; DB06262; DB06694; DB06711; DB09242; DB11124; DB11278
145,4JQI,DB00035; DB00067; DB00872; DB02638; DB06212; DB14642
147,1GER,DB00336
148,1ALQ,DB09324
153,1BSX,DB00279; DB00451; DB00509; DB01583
154,1F67,DB09568
156,12CA,DB00273; DB00311; DB00703; DB00819; DB00869; DB00880; DB01031; DB01144; DB01194; DB01325; DB09472
157,1HVY,DB00293; DB00322; DB00432; DB00544; DB00563; DB00642; DB01101; DB09256; DB09327
158,2WGH,DB00242; DB00441; DB00631; DB01005; DB01073; DB01280
160,1XU7,DB04652; DB13751
161,1BOZ,DB00205; DB00563; DB00642; DB01131; DB01157; DB06813
162,1BJ4,DB01055
163,1BVR,DB00609; DB00951
164,1BF9,DB00100; DB13151; DB13152; DB13933
165,1A5K,DB00551; DB05265
166,1BM7,DB11644; DB16309
168,1YYP,DB00369; DB00529
169,2C17,DB01026; DB05667; DB05812
170,1BP3,DB00052; DB16220
172,3HI7,DB05383
173,1OEA,DB00201; DB00640; DB01223
174,3BXK,DB01244
175,1AUI,DB11693
176,2KUP,DB08865; DB09063; DB11363; DB12130; DB12141; DB12267
177,1CFH,DB00025; DB09109; DB13150; DB13192; DB13923; DB13998; DB13999; DB14738
178,2HQW,DB01173; DB08838; DB08954
181,1VR2,DB00398; DB01268; DB05578; DB06589; DB06595; DB06626; DB08875; DB08896; DB09078; DB09079; DB11679; DB11800; DB14840; DB16265
182,1NB0,DB00140
184,1F0Y,DB09568
186,1AUT,DB00464; DB13149
188,1D3G,DB01097
189,2KS9,DB00673; DB09048; DB09291; DB14019
190,1N6U,DB00008; DB00011; DB00018; DB00022; DB00034; DB00060; DB00068; DB00069; DB00105; DB06152
191,1XUN,DB00032; DB00066; DB00094; DB00097; DB04786; DB09066
193,1KIL,DB00083; DB16820
194,4IB4,DB00247; DB00508; DB00805; DB01242; DB09185
195,1B0F,DB00058
198,1FHA,DB00893; DB13995
199,1DEH,DB01213
200,1D6G,DB00403; DB09142
202,1D7K,DB06243
204,2LE3,DB01074
205,4Z9M,DB00148; DB13191
207,1BY4,DB00210; DB00307; DB00459; DB00523; DB00926; DB03756
208,5CFB,DB01956
211,1S11,DB00949; DB01520; DB01956; DB06077; DB08954
212,1AJI,DB04841
214,1OZC,DB00295; DB00318; DB00327; DB00333; DB00497; DB00611; DB00647; DB00704; DB00813; DB00844; DB00956; DB01183; DB01439; DB01497; DB01535; DB01548; DB01571; DB06230; DB06738; DB09272; DB11130; DB11691
215,1AIN,DB00591; DB00741; DB14538; DB14539; DB14540; DB14541; DB14542; DB14543; DB14544
216,1I10,DB09118
217,1B41,DB00382; DB00483; DB00545; DB00674; DB00677; DB00733; DB00805; DB00843; DB00944; DB00981; DB00989; DB01010; DB01122; DB01400; DB08996
218,1H10,DB12218
220,1T0J,DB00270; DB00308; DB00343; DB00381; DB00393; DB00401; DB00568; DB00622; DB00661; DB01023; DB01054; DB01115; DB01373; DB01388; DB04855; DB06712; DB09227; DB09229; DB12278
222,1MOT,DB00228; DB00753; DB00898; DB01028; DB01189; DB01236
223,1LRC,DB00235; DB00261; DB00277; DB01166; DB01223; DB01303; DB01427; DB04880
224,1DPK,DB00054; DB00775
225,3RZE,DB00283; DB00341; DB00342; DB00354; DB00366; DB00405; DB00427; DB00434; DB00455; DB00477; DB00557; DB00568; DB00637; DB00719; DB00737; DB00748; DB00751; DB00767; DB00768; DB00777; DB00792; DB00835; DB00902; DB00912; DB00920; DB00950; DB00967; DB00972; DB00985; DB01069; DB01071; DB01075; DB01084; DB01106; DB01114; DB01142; DB01146; DB01173; DB01176; DB01237; DB01239; DB01246; DB01615; DB01619; DB01620; DB04837; DB04890; DB05381; DB06282; DB06691; DB06698; DB08799; DB08800; DB08801; DB08802; DB08936; DB09016; DB09167; DB09195; DB09488; DB09555; DB11235; DB11591; DB11614
228,1PKG,DB00398; DB00619; DB01254; DB01268; DB06589; DB08896; DB09078; DB09103; DB11800; DB14840
230,3ISQ,DB00348
233,1BDF,DB00615; DB11753
235,1DDA,DB01213
236,1SFZ,DB00951
238,1A2N,DB00828
248,1F0J,DB00277; DB00651; DB00824; DB01113; DB03849; DB05266
249,3FWL,DB00274; DB00303; DB00430; DB00438; DB00689; DB01327; DB01328; DB01329; DB01331; DB01332; DB01413; DB01414; DB01415; DB01598; DB06211; DB11367
250,1XUM,DB00024
253,1D8Y,DB00548
259,1MFG,DB00072; DB01259; DB05773; DB06366; DB08916; DB11652; DB14967
262,1CQP,DB00095; DB00098; DB11611
265,2JBM,DB00627
266,2A83,DB00040; DB15226
267,1AO6,DB13967
270,1ZNC,DB00273; DB00311; DB00703; DB00819; DB00869; DB01144
271,1BBR,DB00009; DB00015; DB00029; DB00031; DB11300; DB11311; DB11571; DB11572; DB13151
273,1U8F,DB09092
274,1K0P,DB00242; DB00631; DB01073; DB01280
275,1KF6,DB00730
276,2K44,DB00356; DB00436; DB00999
279,1A28,DB00294; DB00304; DB00351; DB00367; DB00378; DB00396; DB00603; DB00717; DB00823; DB00834; DB00957; DB01395; DB01406; DB01431; DB04787; DB06713; DB06730; DB08867; DB09123; DB09124; DB09389; DB13857; DB14583
280,1EBL,DB01034
281,1LUB,DB00332; DB00383; DB00387; DB00411; DB00424; DB00462; DB00483; DB00505; DB00508; DB00517; DB00572; DB00725; DB00728; DB00747; DB00767; DB00785; DB00809; DB00986; DB01036; DB01062; DB01085; DB01148; DB01231; DB04834; DB06709; DB08801; DB08897; DB09089; DB09167; DB09262; DB11181; DB12278; DB13581
282,1J3I,DB00205
283,1G0Y,DB00026
285,3ORH,DB00148; DB13191
286,1Z8L,DB00089; DB14805; DB17851
287,2CVA,DB00292; DB00368; DB00484; DB00575; DB00668; DB00935; DB01363; DB01392; DB01577; DB04855; DB06262; DB06694; DB11124
288,1DQ8,DB00175; DB00227; DB00439; DB00641; DB01076; DB01095; DB01098; DB06693; DB08860
292,3PBL,DB00268; DB00413; DB00589; DB00714; DB00988; DB01100; DB01184; DB01186; DB01200; DB01235; DB01239; DB01267; DB05271; DB06288; DB09014; DB09223; DB11274; DB13025
296,3V4P,DB00108; DB09033
297,3PTY,DB00330
298,1RY0,DB01536
300,1HDO,DB00140
304,1TV5,DB01117
305,2XSN,DB00360; DB00765
307,1F5V,DB00698
308,1IHI,DB01586
310,2XDG,DB00010; DB08869
311,4NKQ,DB00020; DB10772
312,1A00,DB00893; DB06154; DB09112; DB09147; DB09517; DB13995
314,1LRB,DB00975; DB08814
315,2A0D,DB00295; DB00318; DB00327; DB00454; DB00497; DB00611; DB00647; DB00652; DB00704; DB00844; DB00921; DB01183; DB01209; DB01439; DB01497; DB01571; DB06230; DB06738; DB09209; DB09272; DB11130; DB11691; DB11938
317,1UWH,DB00398; DB08881; DB08896; DB08912; DB11718; DB14840
321,1CK7,DB00786
324,1ALG,DB00262
326,1ILM,DB00004; DB00041; DB00111
327,1CN4,DB00012; DB00016; DB08894; DB09107
328,1BCI,DB01103
329,1ILM,DB00004; DB00041; DB00074; DB00111
331,3S98,DB00008; DB00011; DB00018; DB00022; DB00034; DB00060; DB00068; DB00069; DB00105; DB11976; DB14999
332,1DKF,DB00459; DB00523; DB00755; DB00799; DB00926; DB04942
335,1Y9R,DB00396; DB00421; DB00687; DB00700; DB01134; DB01395; DB04652; DB16165
336,3BJ4,DB04855
338,4RED,DB00914
341,1LPA,DB01083
342,1D2S,DB00675
344,1NAV,DB00279; DB00451; DB00509; DB01583
345,4PHU,DB00159
346,1AXM,DB00686; DB10772
349,1GQ4,DB00368; DB00373; DB00449; DB00489; DB00521; DB00598; DB00668; DB00816; DB00866; DB00867; DB00871; DB00901; DB00938; DB00960; DB00983; DB01001; DB01064; DB01210; DB01214; DB01274; DB01288; DB01291; DB01359; DB01363; DB01364; DB01366; DB01407; DB01408; DB04846; DB05039; DB05590; DB06262; DB06814; DB08807; DB09080; DB09082; DB09204; DB09273; DB11124; DB11587; DB13139
350,1A7X,DB00864
352,1A8M,DB00005; DB00051; DB00065; DB06674; DB08904; DB08910; DB10772; DB13751
354,2GL8,DB00210; DB00307; DB00459; DB00523; DB00755; DB00926; DB03756
357,3RJD,DB00028; DB06607; DB14962
358,1FG9,DB00033
360,1I0E,DB00148; DB13191
362,1YWH,DB00013
363,1CDB,DB00092
364,1B3O,DB00688; DB01024
368,2O2K,DB00115; DB00200; DB03614
372,1LWZ,DB00276; DB00380; DB00385; DB00444; DB00694; DB00773; DB00997; DB01177; DB01179; DB01204; DB01208; DB04576; DB04967; DB06013; DB09047
374,2EX2,DB00303; DB00760; DB01328; DB01329; DB01331; DB14879
376,1ABN,DB04272
377,1DJS,DB00039; DB08896; DB09078; DB09079; DB11886; DB12147; DB15102; DB15149; DB17587
379,1DMW,DB00360
380,1I15,DB00246; DB00248; DB00268; DB00334; DB00363; DB00391; DB00408; DB00409; DB00413; DB00420; DB00433; DB00450; DB00477; DB00490; DB00502; DB00508; DB00589; DB00623; DB00679; DB00714; DB00734; DB00831; DB00850; DB00875; DB00915; DB00933; DB00988; DB01038; DB01063; DB01100; DB01184; DB01186; DB01200; DB01224; DB01233; DB01235; DB01238; DB01239; DB01267; DB01403; DB01425; DB01614; DB01618; DB01621; DB01622; DB01623; DB01624; DB04842; DB04946; DB05271; DB06077; DB06144; DB06216; DB06288; DB08815; DB08922; DB09018; DB09223; DB09224; DB09225; DB11274; DB12579; DB13025; DB14185
381,1LBN,DB01207
382,3NFL,DB00949; DB01520
383,1JCN,DB00688; DB00811; DB01024
386,1DNQ,DB00002; DB00317; DB00530; DB01259; DB01269; DB08916; DB09330; DB09559; DB10772; DB11828; DB11963; DB12202; DB12267; DB13164; DB15327; DB16390; DB16695
388,1CF4,DB18236
390,1JMJ,DB00407; DB06271
391,1YQ7,DB00282; DB00399; DB00630; DB00710; DB00884; DB06548
392,2XIJ,DB00115; DB00200
393,1DB1,DB00136; DB00146; DB00153; DB00169; DB00910; DB01070; DB01436
394,2DFD,DB09092
395,2AFL,DB00753; DB01028; DB01189; DB06637; DB11640
396,2IIP,DB00627
397,2CBZ,DB01138
399,1L2J,DB00255; DB00286; DB00481; DB00675; DB00783; DB01108; DB01196; DB06202; DB13952; DB13953; DB13954; DB13955; DB13956
400,1AZ7,DB00019; DB00099; DB13144; DB13200; DB15001; DB18704
401,1M2Z,DB00180; DB00223; DB00240; DB00253; DB00288; DB00324; DB00394; DB00443; DB00547; DB00588; DB00591; DB00596; DB00620; DB00635; DB00663; DB00741; DB00764; DB00769; DB00834; DB00838; DB00846; DB00860; DB00896; DB00959; DB01013; DB01047; DB01130; DB01222; DB01234; DB01260; DB01380; DB01384; DB01410; DB06781; DB08867; DB08906; DB09091; DB09095; DB13158; DB13867; DB14512; DB14538; DB14539; DB14540; DB14541; DB14542; DB14543; DB14544; DB14596; DB14649; DB15566
403,2G1X,DB00216; DB00315; DB00320; DB00669; DB00696; DB00952; DB00953; DB00998; DB09068
404,1ZVT,DB00817; DB11943; DB12924
405,1AJ6,DB00817
406,1B3N,DB01034
407,1DD8,DB01034
408,3QNT,DB00973
409,1AJ0,DB00259; DB00263; DB00576; DB00634; DB01015; DB01298; DB01581; DB01582; DB06729; DB06821; DB14033
410,1FFY,DB00410
413,2QLY,DB00284; DB00491; DB04878
414,1A07,DB01254; DB06137; DB06616
415,1A0N,DB01254
416,2HDA,DB01254
417,1MQB,DB01254; DB08896
418,1BHF,DB01254
421,1LT7,DB06756
422,1I85,DB00098; DB01281; DB06681
423,1DR9,DB01281; DB04901; DB06681
425,2GVT,DB00184; DB01273
426,2GVT,DB00184
427,1GQ5,DB00619; DB01268; DB06043; DB06589; DB06595; DB08896; DB09078; DB09079; DB10772; DB14840
428,2I0V,DB01268; DB12978
429,1J2E,DB01261; DB04876; DB06203; DB06335; DB08382; DB08882
430,1CFA,DB00028; DB01257; DB11580; DB15165; DB15218; DB15636
432,3C59,DB01276; DB06655; DB09043; DB09045; DB09265; DB13928; DB14027; DB15171
433,1IGR,DB01277; DB09098; DB11840; DB14751
434,2YX8,DB01278
435,2XVT,DB01278
438,1HY9,DB00182
439,1S9J,DB05239; DB06616; DB08911; DB11689; DB11967
443,1MEJ,DB00642
444,1AH1,DB06186; DB11771
446,3EPZ,DB00928; DB01262
448,1E4J,DB00028; DB06607
449,1H4O,DB00995
450,1ND8,DB04835
452,1FYR,DB08865; DB08875; DB11791; DB15133; DB16695
453,1ALU,DB09036; DB10772; DB13127
454,2K03,DB06809; DB12018; DB14939
455,1AYK,DB00786
456,1PME,DB01169
457,1MMH,DB00201; DB00277; DB00640; DB00651; DB00806; DB01303; DB01412; DB06213; DB11757; DB14132; DB17080
458,1NRN,DB09030
459,1Z6C,DB00464
460,1EKU,DB01250; DB10772; DB14724
462,1IVO,DB00364
463,1ILG,DB00530
464,1XKT,DB01034
466,3C6K,DB00127
467,1EUB,DB00786
468,1ADZ,DB14562
470,1BY7,DB00013
471,1A31,DB00762; DB00997; DB01030; DB04967; DB05630; DB12893; DB14962
472,1F42,DB05679
473,1KLA,DB01162; DB10772
475,2BZG,DB01250
476,1FKN,DB06073; DB12285
477,4V11,DB01202; DB05541; DB05885
479,1JH5,DB08879
480,1PU4,DB01275
481,1GWX,DB00159; DB00374; DB01393; DB09462
482,2CDW,DB00368; DB01064; DB01363; DB06262; DB08893; DB11124; DB14895
483,1AK4,DB00091
484,1BAS,DB00364; DB00686
485,1S1C,DB13931; DB16703
486,1XX9,DB00100; DB06404; DB09228; DB11300; DB11571; DB13152
488,1AP4,DB00922; DB01373
489,2W96,DB01169; DB11718
492,4JZJ,DB00020; DB14731
493,1HE7,DB08896; DB11986; DB13926; DB14723; DB16826
494,1A02,DB00210; DB01169
495,1AO3,DB00025; DB09108; DB09329; DB11606; DB11607; DB13998; DB13999; DB14738; DB15164; DB16007
497,1DOK,DB01055
498,1HIB,DB06168; DB10772
499,2ZOQ,DB01169
500,1GNG,DB12129
505,1D3E,DB08818
506,1MDI,DB08814
507,1TNR,DB00005
508,1A5H,DB00513; DB06404; DB09228
509,1SPJ,DB12598
510,1SG1,DB12157
511,1JNK,DB11718
513,1CVI,DB06688
514,1LS7,DB14040; DB14041; DB14042
515,1POZ,DB08818
516,1B3D,DB00786
517,1BYQ,DB12442
518,3J9P,DB00825; DB01744; DB11345; DB11755; DB14050
520,2ELI,DB06595
521,2QYK,DB00277; DB00651; DB00824; DB00975; DB01303; DB05266; DB06751
522,1EXT,DB11626
524,1ITQ,DB01597
525,3BRT,DB00795; DB00995; DB01169
526,1JV2,DB00054; DB00063; DB00098; DB00451; DB00775
527,1C9Q,DB04209
528,1L4T,DB00183; DB09142
529,1FSB,DB15271
530,1L8J,DB11328
531,1CP3,DB13048; DB13751
532,1FYW,DB00045; DB00210; DB11601
534,1W7B,DB00591
536,1GZK,DB12218
537,3LPO,DB00284
538,1AHW,DB13150; DB16732
539,1E88,DB08888
540,1A85,DB00786
541,2G47,DB00626
543,3LMK,DB00659
544,1NBD,DB04941; DB08820; DB09280; DB11712; DB15444
545,1JIZ,DB00786
546,1QCT,DB09078; DB11886; DB12147; DB15149
547,1DGB,DB01213
548,1HUL,DB06602; DB06612
549,1KHR,DB01764
550,1P4R,DB00563; DB00642
551,1ISF,DB02701
552,1T09,DB14568; DB16267
553,1L9K,DB00811
554,1EPW,DB13903
555,1AWW,DB09053; DB11703; DB14924; DB15035; DB15327; DB17472
556,1E9K,DB00651; DB03849
557,1E8Y,DB05552; DB11952
558,1A81,DB12010
559,5JCO,DB00570; DB00643
560,1SM2,DB14924
561,1CEF,DB00456
562,1C3B,DB00456
565,2BIT,DB00091
566,1A8D,DB11604
568,1AD5,DB06616
569,1BLS,DB09060; DB12107; DB12377
570,1RGY,DB00355
571,1A1Q,DB11586
572,1I2S,DB04272
573,1HQS,DB04272
574,1ELV,DB06404; DB09228; DB14996
575,1B59,DB01422
577,1A30,DB15673
578,1RM8,DB00786
579,1AYP,DB00328
580,1JCZ,DB00819
581,1DLE,DB16200
582,1UK0,DB09074; DB11760; DB11793; DB12332
583,1FXY,DB12598
584,1OSH,DB05990; DB16255
585,1FNM,DB02703
586,1FDQ,DB00159
587,1KTZ,DB10772
588,1PYY,DB01147
589,1AER,DB02701
591,1W1C,DB01169
592,1DDR,DB00440
595,1HD8,DB00274; DB01147; DB01329; DB01331
596,2KAV,DB00193; DB00252; DB00909
600,1Z1L,DB09273
603,1KV6,DB00255
604,3A7E,DB00323; DB00494; DB11632
605,1TQA,DB00357; DB00894; DB00990; DB01006; DB01217
606,1FZA,DB11300; DB11311; DB11571; DB11572; DB13151
607,1DUG,DB00009; DB11300; DB11571; DB11572
608,1APQ,DB06404; DB09228
609,3AY4,DB00028; DB06607; DB12023; DB16695
610,1FCG,DB00028; DB06607
611,2FCB,DB00028; DB00098
612,3WJL,DB00028
613,1ILL,DB00041
614,1H8U,DB06752
615,1C8P,DB00020
616,1O5E,DB00522
617,2V53,DB00048
618,1AGW,DB00398; DB08896; DB09078; DB09079; DB11886; DB12147; DB15102; DB15149
619,1RY7,DB09078; DB09079; DB11886; DB12147; DB15102; DB15149; DB17587
622,3FIE,DB00042
625,1U5M,DB00048
628,3RBF,DB00190; DB00968; DB12783
629,1EHO,DB00382; DB00449; DB00545; DB00677; DB00733; DB00772; DB00941; DB00989; DB01010; DB01057; DB01221
630,1UOU,DB09343
631,1GOS,DB00191; DB00752; DB00780; DB01037; DB01247; DB01363; DB01367; DB01442; DB01577; DB01626; DB06654
632,1H8Q,DB00191; DB00752; DB00780; DB00805; DB01171; DB01247; DB01363; DB01442; DB01577
633,2CKJ,DB00437; DB04854
635,1BI7,DB09073; DB11730; DB12001; DB15442
636,1M7M,DB00552; DB00975
637,1LD2,DB09073; DB11730; DB12001; DB15442
638,2G19,DB04847; DB11682; DB12255
640,2LCM,DB01202; DB05885; DB06283; DB08838; DB09231; DB09232
645,4F11,DB00181; DB08891; DB08892
646,2MAW,DB00184; DB00333; DB00674; DB01221; DB11726
648,4COF,DB00592; DB00818; DB01567; DB06716
650,4R3O,DB00188; DB08889
651,4R3O,DB00188; DB08889
652,4R3O,DB08889
653,1LXU,DB00651; DB05266
655,2VAY,DB00270; DB00393; DB00401; DB00568; DB01023; DB01054; DB01388; DB04855; DB09090; DB09229
656,1VYV,DB00393; DB01388; DB04855
659,3LV3,DB00270; DB00393; DB00401; DB00568; DB00622; DB01023; DB01054; DB01115; DB01388; DB04855; DB09229
663,1TYI,DB02546; DB06176
664,3MAX,DB00277; DB01223; DB01303; DB02546; DB06176; DB09091
665,4A69,DB02546
666,3C5K,DB02546
669,1JCQ,DB06448
670,1JCQ,DB06448
672,2ENQ,DB12015; DB12483
673,2Q7M,DB16346
674,1AUE,DB00337; DB00877; DB01590; DB06233; DB06287; DB11962
675,3G75,DB01051
677,1PMD,DB01150
680,1Z8E,DB04786
681,3BCH,DB01421
684,2B7A,DB08877; DB08895; DB11697; DB11763; DB11817; DB12500
685,1XPD,DB00398; DB00619; DB08875; DB08896; DB09078; DB15685; DB15822
686,1BIX,DB04967
687,1IAR,DB12159
688,1R46,DB05018
689,2L73,DB05265
690,3QX3,DB00694; DB00997
692,2HKF,DB12741
693,1GA3,DB11914; DB12159; DB12169
694,2ANW,DB05311; DB06404; DB09228; DB12831; DB14597; DB15982
696,2Z62,DB13615
697,1MQ0,DB15694
698,4MZV,DB09336
700,2UW2,DB00242
701,4I5I,DB15493
703,1TQN,DB09065
704,1B2Y,DB00284
705,1B0P,DB00507
706,1P5Z,DB01073
707,1YLW,DB09060; DB12107; DB12377
708,1YLT,DB09060; DB12107; DB12377
709,1YLP,DB09060; DB12107; DB12377
710,1IM7,DB11796
711,1N26,DB06273; DB11767; DB15762
712,1FZV,DB08885
713,1AII,DB00591; DB09095
714,1HZE,DB00140
715,1X8B,DB11740
716,2B4Y,DB04786
717,3V6O,DB09046
718,1FVR,DB08896; DB14840
719,3GC8,DB08896
720,1AAP,DB09148; DB09149; DB09151; DB12034; DB14580
721,2ZC5,DB01150
723,4AF3,DB12756
724,4KM6,DB05595; DB12489; DB15413
725,3D66,DB11311
726,2BRQ,DB09033; DB12189
727,3D85,DB11834; DB14910
730,2M2D,DB09035; DB09037; DB11595; DB14707; DB14922; DB15627; DB15766; DB16740
732,3BIK,DB11595; DB11714; DB11945
733,1C3D,DB00028; DB16694
734,1XIW,DB00075; DB09052
735,1SY6,DB00075
736,1TCE,DB00075
737,1F9E,DB05103
738,1OBX,DB12023
739,1I8H,DB01229; DB01248; DB14914
741,1QFA,DB00191
742,1D01,DB08870
744,1CDH,DB00098
746,1YVJ,DB08877; DB08895; DB11817; DB14924
749,1BL1,DB05084
750,4HNI,DB14989
752,2OBD,DB06281
753,3URF,DB00480; DB06643
754,3W3G,DB16324; DB16580
755,1BBN,DB12159
757,1A4G,DB00558
760,3N9Y,DB00357; DB05667
761,4DVQ,DB05667
764,2Q80,DB00399; DB00710; DB06548
765,4GUP,DB00098
766,1K11,DB00098
767,1JV2,DB00098; DB00451
771,3P0C,DB08838; DB09242
773,3P1N,DB00561; DB01159
774,2ASG,DB01090
775,4ZK4,DB00848; DB01090; DB05710
784,1S1G,DB04855; DB06217; DB06637
785,1HCF,DB14723; DB16826
786,3BUR,DB00548
788,2VUX,DB00242
790,2V6Z,DB00242
795,1HLG,DB01083
796,3EQU,DB00535
798,1E6F,DB16708
799,2WAD,DB00319; DB00415; DB00456; DB00485; DB00493; DB00567; DB00607; DB00713; DB00739; DB01066; DB01140; DB01163; DB01212; DB01331; DB01603; DB03313; DB08795
800,1Z93,DB00819
801,3MDZ,DB00311; DB00703; DB00819; DB01144
802,4LU3,DB00819
805,4L1D,DB00909
806,4MZ2,DB00909
810,2J28,DB13179
811,1J5A,DB13179
812,1FJG,DB01421
813,3IT9,DB00274; DB00303; DB00430; DB01329; DB01331
814,4OON,DB00430; DB01329; DB14879
817,1Q3A,DB00786
818,1MMP,DB00786
820,1BQQ,DB00786
824,2JSD,DB00786
831,2AUK,DB00615; DB11753
832,1M5G,DB00560; DB00759; DB09093; DB12455
833,1M5G,DB00560
834,1M5G,DB00560; DB00759; DB09093; DB12455
837,1Z5V,DB00570
843,2NOV,DB01044; DB06771
844,3FOE,DB01044
845,1FM6,DB04652
846,3IHY,DB11962
847,2NZL,DB15935
848,2AHS,DB16353
849,3E7O,DB11718
850,1UKH,DB11718
851,2X9E,DB15498
852,3KCZ,DB09074; DB11760; DB11793; DB12332
853,4UG0,DB01421
854,4UG0,DB04865
855,2Q8F,DB08809
857,1AXB,DB09060; DB12107; DB12377
858,1YSK,DB00795; DB04552
859,2A4Q,DB06290; DB13879
860,2J51,DB06616
861,2EOC,DB09074; DB12332
862,1D8D,DB15568; DB15569
863,1UEE,DB13900
864,2JLE,DB00238; DB00300; DB00495; DB00625; DB00649; DB00705; DB00709; DB00879; DB00900; DB00943; DB01048; DB08864; DB09299; DB11799; DB14126
865,3EYG,DB08877; DB08895; DB11763; DB11817; DB14845; DB14973; DB15091; DB16756
866,3LXN,DB08877; DB16650
867,1ANW,DB00591
868,1ONG,DB09060; DB12107
869,4L6Q,DB13931; DB16703
870,2CHN,DB00428
871,4V6X,DB12688
872,2C5W,DB00415; DB00456; DB00485; DB00493; DB00567; DB00607; DB00713; DB00739; DB01000; DB01140; DB01147; DB01163; DB01331; DB01603; DB03313; DB08795
873,1IK2,DB14921
874,1W1F,DB06616
875,2UWX,DB00319; DB00415; DB00456; DB00485; DB00493; DB00567; DB00607; DB00713; DB00739; DB01140; DB01163; DB01331; DB01603; DB03313; DB08795
876,3GNS,DB11155
877,2UX0,DB06616
882,3QDL,DB00916
883,3RGK,DB11588
884,1GZW,DB13123
885,1JUQ,DB01272
887,2HW5,DB09568
890,4JA8,DB13874
892,1Q3X,DB16418
896,3OC2,DB01413; DB06211; DB09050; DB14879
898,1M5G,DB00759; DB09093; DB12455
899,1EG0,DB00759; DB09093; DB12455
900,1EG0,DB00759; DB09093; DB12455; DB13092
902,2BMB,DB00634
903,4JKV,DB08828; DB11978
905,1Y5P,DB08838
909,2YVQ,DB06775
910,4BDW,DB06404; DB09228; DB12598
913,1HZF,DB00028
914,4XAM,DB00028
921,4BGC,DB06637
933,2C7W,DB08885
937,2WUH,DB08896
939,1K1F,DB00619; DB01254; DB08901
940,1S9I,DB06616; DB08911; DB11689; DB11967
941,2CU1,DB06616
943,1ACC,DB08902; DB09057
945,1C04,DB04865
948,4M91,DB00480; DB01041; DB08910
949,1U6D,DB08908
950,3S95,DB11718
953,2AHX,DB08916
956,1A6A,DB05121
957,2Q6W,DB05121
959,1FV1,DB05121
960,1BX2,DB05121
969,4COF,DB00186; DB00189; DB00228; DB00231; DB00237; DB00241; DB00292; DB00306; DB00312; DB00349; DB00371; DB00402; DB00404; DB00463; DB00475; DB00546; DB00628; DB00683; DB00690; DB00753; DB00794; DB00801; DB00818; DB00829; DB00842; DB00897; DB01028; DB01068; DB01107; DB01159; DB01189; DB01205; DB01215; DB01236; DB01437; DB01489; DB01511; DB01544; DB01545; DB01553; DB01558; DB01559; DB01587; DB01588; DB01589; DB01594; DB01595; DB01956; DB05087; DB09017; DB09118; DB09166; DB11582; DB11859; DB12404; DB13335; DB13437; DB13643; DB13837; DB13872; DB14028; DB14672; DB14715; DB14719; DB15489; DB15490
977,1HD8,DB00578; DB00671; DB01000; DB01602; DB09319
978,2EX2,DB00578; DB00671; DB01000; DB01602; DB09319
979,3IT9,DB00578; DB00671; DB01000; DB01602; DB09319
981,3FWL,DB00578; DB00671; DB01000; DB01602; DB09319
985,1CX8,DB13257
987,2HQW,DB00659; DB01043
988,3NFL,DB00659; DB01043
989,1S11,DB00659; DB01043
997,2G1X,DB01049; DB01239; DB11273; DB13025; DB13345
1002,4IB4,DB01049; DB01239; DB11273; DB13025; DB13345
1015,1HLL,DB00193; DB00217; DB06707; DB09167; DB09195; DB09202; DB11477; DB13025
1016,2CVA,DB00193; DB00217; DB06707; DB09167; DB09195; DB09202; DB11477; DB13025
1018,2LSQ,DB00867; DB01049; DB01118; DB11273; DB11278; DB13345
1019,1GQ4,DB00867; DB01049; DB01118; DB11273; DB11278; DB13345
1020,2CDW,DB00867; DB01049; DB01118; DB11273; DB11278; DB13345
1021,3KQ0,DB01041
1022,3APU,DB01041
1026,1HLL,DB01049; DB01365; DB09205; DB11273; DB11278; DB13345
1027,2CVA,DB01049; DB01365; DB09205; DB11273; DB11278; DB13345
1029,1OZ5,DB09225; DB11274
1032,1LUB,DB00340; DB11855
1033,2CSA,DB00340; DB11855
1036,2ELI,DB00675
1037,2I0E,DB00675
1038,1YRK,DB00675
1039,2WH0,DB00675
1040,2E73,DB00675
1041,1VD2,DB00675
1042,1XJD,DB00675
1047,2KAV,DB00907; DB05541; DB13269
1050,2KBI,DB00907; DB05541; DB13269
1056,4L1D,DB00907; DB05541; DB13269
1057,4MZ2,DB00907; DB05541; DB13269
1070,1T0J,DB00228; DB09235; DB11148
1071,3LV3,DB00228; DB09235; DB11148
1073,2VAY,DB00228; DB09235; DB11148
1077,1VYV,DB00228; DB09235; DB11148
1078,2LCM,DB00228; DB09235; DB11148
1079,3BXK,DB00228; DB09235; DB11148
1080,3BXL,DB00228; DB09235; DB11148
1084,1A3Q,DB13751
1085,1MDI,DB13751
1093,2K44,DB00867; DB09089
1095,1JO6,DB00867; DB09089
1102,4RED,DB00131
1103,2H6D,DB00131
1104,4CFE,DB00131
1105,2F15,DB00131
1106,2UV4,DB00131
1109,1H8Q,DB00182; DB01168
1110,1GOS,DB00182; DB01168
1111,1LXQ,DB09283
1112,1LXR,DB09283
1113,1LXS,DB09283
1114,1LRB,DB09283
1115,2QYK,DB09283
1116,1F0J,DB09283
1117,1LXU,DB09283
1118,1E9K,DB09283
1119,1LXW,DB09283
1120,1Z1L,DB09283
1121,1LRC,DB09283
1122,1SO2,DB09283
1123,1RKP,DB09283
1124,3JWQ,DB09283
1126,1ZKL,DB09283
1127,1LHQ,DB09283
1129,2HD1,DB09283
1132,2HQW,DB00193; DB00333
1133,3NFL,DB00193; DB00333
1134,1S11,DB00193; DB00333
1139,4JKQ,DB09085
1140,1YH3,DB16370
1142,2B0X,DB11614
1146,2VXS,DB09029; DB11569; DB12917
1148,4S0V,DB09034; DB11951; DB15031
1149,1AB4,DB11943
1152,2P4E,DB09302; DB09303; DB14901
1153,1E25,DB09060; DB18716
1155,2OV5,DB09060; DB12107
1156,4HBT,DB09060
1158,3V2W,DB08868; DB12016; DB12612; DB14766
1160,2L27,DB09067
1163,1F42,DB05679; DB14004; DB14762
1164,3D85,DB05679; DB14004; DB14762
1165,1TYI,DB05015; DB06603; DB11841
1168,3MAX,DB05015; DB06603; DB11841
1169,4A69,DB05015; DB06603; DB11841
1170,2H8N,DB05015; DB06603; DB11841
1171,5UWI,DB05015; DB06603; DB11841
1172,3C5K,DB05015; DB06603; DB11841
1173,3C0Y,DB05015; DB06603; DB11841
1174,1T64,DB05015; DB06603; DB11841
1185,2BVL,DB13140
1186,1T0J,DB00252; DB00653; DB00825; DB09089; DB09231; DB09232; DB09236; DB09238
1187,3LV3,DB00252; DB00653; DB00825; DB09089; DB09231; DB09232; DB09236; DB09238
1189,2VAY,DB00252; DB00653; DB00825; DB09089; DB09231; DB09232; DB09236; DB09238
1193,1VYV,DB00252; DB00653; DB00825; DB09089; DB09231; DB09232; DB09236; DB09238
1194,3BXK,DB00252; DB00653; DB00825; DB09089; DB09231; DB09232; DB09236; DB09238
1199,1CX8,DB13949; DB14520
1200,2JQ3,DB15067
1201,2EYI,DB06773
1202,2ZOC,DB00591
1203,1PFA,DB16019; DB16778
1205,3AQF,DB12457; DB15328; DB15688; DB16098
1212,2F37,DB11755; DB14050
1213,1ES7,DB11639
1216,2HLQ,DB11639
1220,1EGG,DB09266
1224,2QN0,DB13898
1225,2FPQ,DB13902
1226,1T3A,DB13897
1227,2A8A,DB13901
1228,1ZB7,DB13899
1229,2F9D,DB14017
1232,1OZ5,DB01049; DB11275; DB13345
1234,1I15,DB01049; DB11275; DB13345
1235,3PBL,DB01049; DB11275; DB13345
1239,2LUL,DB06616; DB14924
1241,2DM0,DB14924
1242,2C5D,DB12141
1243,2EKX,DB14924
1244,1X6A,DB11718
1245,3PLS,DB08865
1246,1WWC,DB11986; DB14723; DB16826
1247,3ZBF,DB08865; DB11986; DB16826
1248,5WRJ,DB12532
1251,1A3Q,DB14059
1252,1MDI,DB14059
1253,1NFI,DB14059
1257,2C6V,DB12887; DB14581
1259,3BXL,DB00555
1260,1BYW,DB01118
1266,3GJ9,DB04855
1268,2K8P,DB11866
1271,1P97,DB15463
1272,3KG5,DB12240
1274,2IQP,DB11700
1275,1W9C,DB11942
1278,5KS2,DB00314; DB06827
1279,2ZNL,DB13997
1284,2KAV,DB00273; DB00555; DB00564; DB01161; DB09085; DB09088; DB09342; DB09345
1287,2KBI,DB00273; DB00555; DB00564; DB01161; DB09085; DB09088; DB09342; DB09345
1291,1T0J,DB00273; DB09235
1292,3LV3,DB00273; DB09235
1294,2VAY,DB00273; DB09235
1298,1VYV,DB00273; DB09235
1308,3OA1,DB11603
1310,1J8F,DB15493
1311,1LU7,DB15495; DB15496
1313,1LXR,DB00201
1314,1E9K,DB00201
1315,1SO2,DB00201
1316,1RKP,DB00201
1317,2ZNS,DB00273
1318,3QXM,DB00273
1322,1DXX,DB15593
1323,5SVJ,DB15097
1327,3MWD,DB11936
1329,2DCO,DB14766
1330,2MAE,DB12893
1333,4ZK4,DB00202; DB00565
1334,2GVT,DB00202; DB00565
1337,2MAW,DB00202; DB00565
1338,4D01,DB00202; DB00565
1339,2GVT,DB00202; DB00565
1341,2ASG,DB00202; DB00565
1342,2QYK,DB01427; DB01656; DB01954
1343,1F0J,DB01427; DB01656; DB01954
1344,1LXU,DB01427; DB01656; DB01954
1345,1E9K,DB01427; DB01656; DB01954
1346,1AZM,DB00562; DB00606
1347,3CZV,DB00562; DB00606
1348,4LU3,DB00562; DB00606
1349,12CA,DB00562; DB00606
1350,1Z93,DB00562; DB00606
1351,1ZNC,DB00562; DB00606
1354,3FE4,DB00562; DB00606
1355,3MDZ,DB00562; DB00606
1356,2HKF,DB00562; DB00606
1358,1N3Y,DB00095
1359,6A69,DB01159
1362,1CFF,DB01159
1363,3PG4,DB04272
1364,1DR1,DB03904
1371,6A69,DB01189; DB01236
1374,1CFF,DB01189; DB01236
1377,1OQD,DB16655; DB16665; DB16738
1378,5R7Y,DB14761; DB16514; DB16691
1379,4WUR,DB15797
1380,4R3D,DB15797
1381,6LVN,DB12411; DB15691; DB15718; DB15897; DB15940; DB15941; DB16393; DB16394; DB16405; DB16755
1382,2EBO,DB15898; DB15899; DB15900; DB16385
1384,1AJ7,DB15258
1385,2QSC,DB15258
1386,1ADQ,DB15258
1387,4WWI,DB15258
1388,1Z3S,DB15303
1389,2WZ1,DB15456
1390,2QQJ,DB16453
1391,6EUA,DB15354
1392,4AP8,DB16628
1401,2MKV,DB16690
1403,3UVJ,DB09401
1405,2WZ1,DB09401
1410,1V0X,DB00328; DB01250
1411,5O9H,DB15011
1416,3ALN,DB11718
1418,3S98,DB15119
1419,1N6U,DB15119
1420,1F6A,DB11856
1421,1NYS,DB16379
1424,4CLF,DB02587
1433,5J11,DB15090
1434,1EXU,DB14919; DB15270
1435,1JPY,DB12917
1436,1TVB,DB15283
1438,1T5Q,DB15171
1439,6U6U,DB15626
1440,1XIW,DB16371; DB16655; DB16684
1441,1A81,DB16371; DB16655; DB16684
1442,1SY6,DB16371; DB16655; DB16684
1443,1TCE,DB16371; DB16655; DB16684
1444,7RY7,DB17096
1446,2MDP,DB16258
1447,1G2C,DB16258
1450,4BPU,DB01280
1454,1XIW,DB16678
1455,1A81,DB16678
1456,1SY6,DB16678
1457,1TCE,DB16678
1459,2X18,DB12218
1460,2N80,DB13926
1461,2KR6,DB12005
